random_state,same_partition_up_to_label_permutation,adjusted_rand_index_vs_saved,changed_reference_count_after_label_matching,changed_reference_original_indices,changed_reference_names,silhouette,davies_bouldin_index,inertia,iterations
0,True,1.0,0,,,0.5131018482949178,0.6716995474843538,445.2902235830134,9
1,True,1.0,0,,,0.5131018482949178,0.6716995474843538,445.2902235830134,10
2,False,0.9945481309677171,1,80,Hesperiidae-16,0.5138798697384442,0.6707540674700124,445.2895713412332,8
3,False,0.9945481309677171,1,80,Hesperiidae-16,0.5138798697384442,0.6707540674700124,445.2895713412332,7
4,False,0.9945481309677171,1,80,Hesperiidae-16,0.5138798697384442,0.6707540674700123,445.2895713412332,7
5,False,0.9945481309677171,1,80,Hesperiidae-16,0.5138798697384442,0.6707540674700124,445.2895713412332,4
6,False,0.9945481309677171,1,80,Hesperiidae-16,0.5138798697384442,0.6707540674700124,445.2895713412332,13
7,False,0.9945481309677171,1,80,Hesperiidae-16,0.5138798697384442,0.6707540674700124,445.2895713412332,5
8,False,0.9945481309677171,1,80,Hesperiidae-16,0.5138798697384442,0.6707540674700124,445.2895713412332,9
9,False,0.9945481309677171,1,80,Hesperiidae-16,0.5138798697384442,0.6707540674700124,445.2895713412332,9
10,True,1.0,0,,,0.5131018482949178,0.6716995474843538,445.2902235830134,21
11,False,0.9945481309677171,1,80,Hesperiidae-16,0.5138798697384442,0.6707540674700124,445.2895713412332,7
12,False,0.9945481309677171,1,80,Hesperiidae-16,0.5138798697384442,0.6707540674700124,445.2895713412332,7
13,False,0.9945481309677171,1,80,Hesperiidae-16,0.5138798697384442,0.6707540674700124,445.2895713412332,11
14,False,0.9945481309677171,1,80,Hesperiidae-16,0.5138798697384442,0.6707540674700124,445.2895713412332,12
15,True,1.0,0,,,0.5131018482949178,0.6716995474843539,445.2902235830134,10
16,False,0.9945481309677171,1,80,Hesperiidae-16,0.5138798697384442,0.6707540674700124,445.2895713412332,16
17,False,0.9945481309677171,1,80,Hesperiidae-16,0.5138798697384442,0.6707540674700124,445.2895713412332,7
18,False,0.9945481309677171,1,80,Hesperiidae-16,0.5138798697384442,0.6707540674700124,445.2895713412332,6
19,False,0.9945481309677171,1,80,Hesperiidae-16,0.5138798697384442,0.6707540674700125,445.2895713412332,8
20,False,0.9945481309677171,1,80,Hesperiidae-16,0.5138798697384442,0.6707540674700125,445.2895713412332,24
21,False,0.9945481309677171,1,80,Hesperiidae-16,0.5138798697384442,0.6707540674700124,445.2895713412332,6
22,False,0.9945481309677171,1,80,Hesperiidae-16,0.5138798697384442,0.6707540674700124,445.2895713412332,10
23,False,0.9945481309677171,1,80,Hesperiidae-16,0.5138798697384442,0.6707540674700124,445.2895713412332,17
24,False,0.9945481309677171,1,80,Hesperiidae-16,0.5138798697384442,0.6707540674700124,445.2895713412332,5
25,False,0.9945481309677171,1,80,Hesperiidae-16,0.5138798697384442,0.6707540674700123,445.2895713412332,6
26,False,0.9945481309677171,1,80,Hesperiidae-16,0.5138798697384442,0.6707540674700123,445.2895713412332,9
27,False,0.9945481309677171,1,80,Hesperiidae-16,0.5138798697384442,0.6707540674700124,445.2895713412332,9
28,False,0.9945481309677171,1,80,Hesperiidae-16,0.5138798697384442,0.6707540674700124,445.2895713412332,7
29,False,0.9945481309677171,1,80,Hesperiidae-16,0.5138798697384442,0.6707540674700124,445.2895713412332,12
30,False,0.9945481309677171,1,80,Hesperiidae-16,0.5138798697384442,0.6707540674700124,445.2895713412332,4
31,False,0.9945481309677171,1,80,Hesperiidae-16,0.5138798697384442,0.6707540674700123,445.2895713412332,8
32,False,0.9945481309677171,1,80,Hesperiidae-16,0.5138798697384442,0.6707540674700124,445.2895713412332,8
33,False,0.9945481309677171,1,80,Hesperiidae-16,0.5138798697384442,0.6707540674700124,445.2895713412332,10
34,False,0.9945481309677171,1,80,Hesperiidae-16,0.5138798697384442,0.6707540674700124,445.2895713412332,15
35,False,0.9945481309677171,1,80,Hesperiidae-16,0.5138798697384442,0.6707540674700124,445.2895713412332,11
36,False,0.9945481309677171,1,80,Hesperiidae-16,0.5138798697384442,0.6707540674700123,445.2895713412332,9
37,False,0.9945481309677171,1,80,Hesperiidae-16,0.5138798697384442,0.6707540674700124,445.2895713412332,5
38,False,0.9945481309677171,1,80,Hesperiidae-16,0.5138798697384442,0.6707540674700124,445.2895713412332,8
39,False,0.9945481309677171,1,80,Hesperiidae-16,0.5138798697384442,0.6707540674700124,445.2895713412332,8
40,True,1.0,0,,,0.5131018482949178,0.6716995474843538,445.2902235830134,12
41,True,1.0,0,,,0.5131018482949178,0.6716995474843538,445.2902235830134,10
42,False,0.9945481309677171,1,80,Hesperiidae-16,0.5138798697384442,0.6707540674700124,445.2895713412332,14
43,False,0.9945481309677171,1,80,Hesperiidae-16,0.5138798697384442,0.6707540674700124,445.2895713412332,6
44,False,0.9945481309677171,1,80,Hesperiidae-16,0.5138798697384442,0.6707540674700124,445.2895713412332,8
45,False,0.9945481309677171,1,80,Hesperiidae-16,0.5138798697384442,0.6707540674700123,445.2895713412332,10
46,False,0.9945481309677171,1,80,Hesperiidae-16,0.5138798697384442,0.6707540674700124,445.2895713412332,6
47,False,0.9945481309677171,1,80,Hesperiidae-16,0.5138798697384442,0.6707540674700124,445.2895713412332,8
48,False,0.9945481309677171,1,80,Hesperiidae-16,0.5138798697384442,0.6707540674700123,445.2895713412332,13
49,False,0.9945481309677171,1,80,Hesperiidae-16,0.5138798697384442,0.6707540674700124,445.2895713412332,7
50,False,0.9945481309677171,1,80,Hesperiidae-16,0.5138798697384442,0.6707540674700124,445.2895713412332,5
51,False,0.9945481309677171,1,80,Hesperiidae-16,0.5138798697384442,0.6707540674700124,445.2895713412332,9
52,False,0.9945481309677171,1,80,Hesperiidae-16,0.5138798697384442,0.6707540674700124,445.2895713412332,6
53,False,0.9945481309677171,1,80,Hesperiidae-16,0.5138798697384442,0.6707540674700124,445.2895713412332,6
54,False,0.9945481309677171,1,80,Hesperiidae-16,0.5138798697384442,0.6707540674700123,445.2895713412332,10
55,True,1.0,0,,,0.5131018482949178,0.6716995474843538,445.2902235830134,8
56,False,0.9945481309677171,1,80,Hesperiidae-16,0.5138798697384442,0.6707540674700123,445.2895713412332,8
57,False,0.9945481309677171,1,80,Hesperiidae-16,0.5138798697384442,0.6707540674700124,445.2895713412332,14
58,False,0.9945481309677171,1,80,Hesperiidae-16,0.5138798697384442,0.6707540674700123,445.2895713412332,12
59,False,0.9945481309677171,1,80,Hesperiidae-16,0.5138798697384442,0.6707540674700124,445.2895713412332,8
60,True,1.0,0,,,0.5131018482949178,0.6716995474843538,445.2902235830134,7
61,False,0.9945481309677171,1,80,Hesperiidae-16,0.5138798697384442,0.6707540674700124,445.2895713412332,10
62,False,0.9945481309677171,1,80,Hesperiidae-16,0.5138798697384442,0.6707540674700123,445.2895713412332,6
63,False,0.9945481309677171,1,80,Hesperiidae-16,0.5138798697384442,0.6707540674700124,445.2895713412332,4
64,False,0.9945481309677171,1,80,Hesperiidae-16,0.5138798697384442,0.6707540674700124,445.2895713412332,14
65,False,0.9945481309677171,1,80,Hesperiidae-16,0.5138798697384442,0.6707540674700123,445.2895713412332,8
66,True,1.0,0,,,0.5131018482949178,0.6716995474843538,445.2902235830134,6
67,False,0.9945481309677171,1,80,Hesperiidae-16,0.5138798697384442,0.6707540674700123,445.2895713412332,8
68,False,0.9945481309677171,1,80,Hesperiidae-16,0.5138798697384442,0.6707540674700123,445.2895713412332,7
69,False,0.9945481309677171,1,80,Hesperiidae-16,0.5138798697384442,0.6707540674700123,445.2895713412332,7
70,False,0.9945481309677171,1,80,Hesperiidae-16,0.5138798697384442,0.6707540674700124,445.2895713412332,7
71,False,0.9945481309677171,1,80,Hesperiidae-16,0.5138798697384442,0.6707540674700124,445.2895713412332,6
72,False,0.9945481309677171,1,80,Hesperiidae-16,0.5138798697384442,0.6707540674700123,445.2895713412332,12
73,False,0.9945481309677171,1,80,Hesperiidae-16,0.5138798697384442,0.6707540674700123,445.2895713412332,9
74,False,0.9945481309677171,1,80,Hesperiidae-16,0.5138798697384442,0.6707540674700123,445.2895713412332,16
75,False,0.9945481309677171,1,80,Hesperiidae-16,0.5138798697384442,0.6707540674700124,445.2895713412332,13
76,False,0.9945481309677171,1,80,Hesperiidae-16,0.5138798697384442,0.6707540674700125,445.2895713412332,11
77,False,0.9945481309677171,1,80,Hesperiidae-16,0.5138798697384442,0.6707540674700123,445.2895713412332,9
78,False,0.9945481309677171,1,80,Hesperiidae-16,0.5138798697384442,0.6707540674700123,445.2895713412332,6
79,False,0.9945481309677171,1,80,Hesperiidae-16,0.5138798697384442,0.6707540674700124,445.2895713412332,6
80,False,0.9945481309677171,1,80,Hesperiidae-16,0.5138798697384442,0.6707540674700124,445.2895713412332,4
81,False,0.9945481309677171,1,80,Hesperiidae-16,0.5138798697384442,0.6707540674700123,445.2895713412332,9
82,False,0.9945481309677171,1,80,Hesperiidae-16,0.5138798697384442,0.6707540674700124,445.2895713412332,6
83,False,0.9945481309677171,1,80,Hesperiidae-16,0.5138798697384442,0.6707540674700124,445.2895713412332,12
84,False,0.9945481309677171,1,80,Hesperiidae-16,0.5138798697384442,0.6707540674700123,445.2895713412332,11
85,False,0.9945481309677171,1,80,Hesperiidae-16,0.5138798697384442,0.6707540674700124,445.2895713412332,11
86,False,0.9945481309677171,1,80,Hesperiidae-16,0.5138798697384442,0.6707540674700124,445.2895713412332,8
87,False,0.9945481309677171,1,80,Hesperiidae-16,0.5138798697384442,0.6707540674700124,445.2895713412332,11
88,False,0.9945481309677171,1,80,Hesperiidae-16,0.5138798697384442,0.6707540674700124,445.2895713412332,4
89,False,0.9945481309677171,1,80,Hesperiidae-16,0.5138798697384442,0.6707540674700123,445.2895713412332,5
90,False,0.9945481309677171,1,80,Hesperiidae-16,0.5138798697384442,0.6707540674700123,445.2895713412332,7
91,False,0.9945481309677171,1,80,Hesperiidae-16,0.5138798697384442,0.6707540674700124,445.2895713412332,11
92,False,0.9945481309677171,1,80,Hesperiidae-16,0.5138798697384442,0.6707540674700124,445.2895713412332,7
93,False,0.9945481309677171,1,80,Hesperiidae-16,0.5138798697384442,0.6707540674700124,445.2895713412332,6
94,False,0.9945481309677171,1,80,Hesperiidae-16,0.5138798697384442,0.6707540674700124,445.2895713412332,12
95,False,0.9945481309677171,1,80,Hesperiidae-16,0.5138798697384442,0.6707540674700125,445.2895713412332,6
96,False,0.9945481309677171,1,80,Hesperiidae-16,0.5138798697384442,0.6707540674700123,445.2895713412332,5
97,False,0.9945481309677171,1,80,Hesperiidae-16,0.5138798697384442,0.6707540674700124,445.2895713412332,6
98,True,1.0,0,,,0.5131018482949178,0.6716995474843538,445.2902235830134,10
99,False,0.9945481309677171,1,80,Hesperiidae-16,0.5138798697384442,0.6707540674700124,445.2895713412332,9
