key,value
ood_method,full_feature_standardized_reference_leave_one_out_nn
ood_feature_source,artifact full-feature guard
ood_reference_row_count,383
ood_feature_count,11
ood_features,"[""Area"", ""WingArea_BBoxAreaRatio"", ""TipArea_R0p1_WingAreaRatio"", ""Roundness"", ""LE_TE_ratio"", ""TipCurvature"", ""LE_Bending"", ""TE_Bending"", ""TE_MaxCurvX"", ""TE_Distal_Bending"", ""TE_Distal_SignedCurvature""]"
ood_reference_quantile,0.985
ood_distance_threshold,3.2471380917804438
ood_reference_imputation,per-feature median; reference rows only
ood_reference_standardization,per-feature population mean/std; reference rows only
ood_distance,Euclidean
ood_calibration_input_row_count,0
reference_nn_min,0.0
reference_nn_p25,0.9789204694270534
reference_nn_p50,1.2484158205468519
reference_nn_p75,1.5773680343757557
reference_nn_p90,1.979908425359536
reference_nn_p95,2.3649145946700587
reference_nn_p99,3.3612602328585917
reference_nn_max,6.9621891093308665
