Input_Index,Input_Name,Input_UMAP1,Input_UMAP2,Nearest_Space,Nearest_Metric,Reference_Row_Index,Reference_Original_Index,Reference_Name,Reference_Type_Number,Reference_KMeans_Cluster,Reference_UMAP1,Reference_UMAP2,Distance,OOD_Status,OOD_Threshold_Exceeded,OOD_Rejected
0,AirPulse,9.167176246643066,8.039753913879395,frozen_umap_space,euclidean,218,218,Papilionidae-10,3,5,9.09420394897461,8.027873992919922,0.07393300175846519,IN_DISTRIBUTION,False,False
1,eMotionButterflies,4.333030700683594,0.9658778309822083,frozen_umap_space,euclidean,300,300,Pieridae-Coliadinae-11,4,3,4.371791839599609,1.0702168941497803,0.11130618128726386,REJECTED_OOD,True,True
2,Fujikawa,10.007638931274414,9.617530822753906,frozen_umap_space,euclidean,254,254,Papilionidae-5,3,5,9.983670234680176,9.59065055847168,0.03601453906839563,REJECTED_OOD,True,True
3,RoboButterfly-I,9.374070167541504,8.545018196105957,frozen_umap_space,euclidean,263,263,Papilionidae_Papilio_polytes,3,5,9.360227584838867,8.443146705627441,0.10280767319706072,REJECTED_OOD,True,True
4,Shinshu,5.556631088256836,-0.5740532875061035,frozen_umap_space,euclidean,21,21,Charaxinae-2,6,3,5.5432281494140625,-0.8090084791183472,0.23533716416063413,REJECTED_OOD,True,True
5,Tanaka,9.721879005432129,9.094419479370117,frozen_umap_space,euclidean,217,217,Papilionidae-1,3,5,9.828794479370117,9.009147644042969,0.13675600340549943,IN_DISTRIBUTION,False,False
6,Tu_2025,5.208038806915283,-0.29276567697525024,frozen_umap_space,euclidean,370,370,Satyrinae-22,11,3,5.095546245574951,-0.465529203414917,0.20615967700978238,IN_DISTRIBUTION,False,False
7,USTButterfly-II,4.681418418884277,0.8420737385749817,frozen_umap_space,euclidean,312,312,Pieridae-Coliadinae-22,4,3,4.8028130531311035,0.8889987468719482,0.1301484292167642,IN_DISTRIBUTION,False,False
8,USTButterfly-S,2.12307071685791,1.6442795991897583,frozen_umap_space,euclidean,142,142,Lycaenidae-11,2,4,2.1301794052124023,1.8802073001861572,0.23603477190356403,REJECTED_OOD,True,True
9,USTButterfly,5.183385848999023,3.130305290222168,frozen_umap_space,euclidean,317,317,Pieridae-Coliadinae-7,4,6,5.187057018280029,3.0901362895965576,0.04033641153040372,IN_DISTRIBUTION,False,False
10,Zhao_2026,5.121677398681641,-0.027776271104812622,frozen_umap_space,euclidean,208,208,Nymphalinae-29,10,3,4.963548183441162,-0.26814210414886475,0.2877161490210981,IN_DISTRIBUTION,False,False
