Input_Index,Input_Name,OOD_Threshold_Exceeded,OOD_Status,OOD_Rejected,OOD_Rejection_Reason,OOD_Method,OOD_Feature_Source,OOD_Feature_Count,OOD_Features,OOD_Input_Missing_Feature_Count,OOD_Nearest_Reference_Row_Index,OOD_Nearest_Reference_Original_Index,OOD_Nearest_Reference_Name,OOD_Nearest_Reference_Type_Number,OOD_Nearest_Reference_KMeans_Cluster,OOD_Nearest_Distance,OOD_Reference_Quantile,OOD_Distance_Threshold,OOD_NN_Percentile
0,AirPulse,False,IN_DISTRIBUTION,False,distance_within_reference_threshold,full_feature_standardized_reference_leave_one_out_nn,artifact full-feature guard,11,Area; WingArea_BBoxAreaRatio; TipArea_R0p1_WingAreaRatio; Roundness; LE_TE_ratio; TipCurvature; LE_Bending; TE_Bending; TE_MaxCurvX; TE_Distal_Bending; TE_Distal_SignedCurvature,0,218,218,Papilionidae-10,3,5,2.285520307286923,0.985,3.2471380917804438,93.73368146214099
1,eMotionButterflies,True,REJECTED_OOD,True,distance_above_reference_threshold,full_feature_standardized_reference_leave_one_out_nn,artifact full-feature guard,11,Area; WingArea_BBoxAreaRatio; TipArea_R0p1_WingAreaRatio; Roundness; LE_TE_ratio; TipCurvature; LE_Bending; TE_Bending; TE_MaxCurvX; TE_Distal_Bending; TE_Distal_SignedCurvature,0,300,300,Pieridae-Coliadinae-11,4,3,3.9164973817617006,0.985,3.2471380917804438,99.21671018276761
2,Fujikawa,True,REJECTED_OOD,True,distance_above_reference_threshold,full_feature_standardized_reference_leave_one_out_nn,artifact full-feature guard,11,Area; WingArea_BBoxAreaRatio; TipArea_R0p1_WingAreaRatio; Roundness; LE_TE_ratio; TipCurvature; LE_Bending; TE_Bending; TE_MaxCurvX; TE_Distal_Bending; TE_Distal_SignedCurvature,0,22,22,Charaxinae-3,6,3,5.027072102016523,0.985,3.2471380917804438,99.73890339425587
3,RoboButterfly-I,True,REJECTED_OOD,True,distance_above_reference_threshold,full_feature_standardized_reference_leave_one_out_nn,artifact full-feature guard,11,Area; WingArea_BBoxAreaRatio; TipArea_R0p1_WingAreaRatio; Roundness; LE_TE_ratio; TipCurvature; LE_Bending; TE_Bending; TE_MaxCurvX; TE_Distal_Bending; TE_Distal_SignedCurvature,0,55,55,Heliconiinae-14,8,1,9.501053431786449,0.985,3.2471380917804438,100.0
4,Shinshu,True,REJECTED_OOD,True,distance_above_reference_threshold,full_feature_standardized_reference_leave_one_out_nn,artifact full-feature guard,11,Area; WingArea_BBoxAreaRatio; TipArea_R0p1_WingAreaRatio; Roundness; LE_TE_ratio; TipCurvature; LE_Bending; TE_Bending; TE_MaxCurvX; TE_Distal_Bending; TE_Distal_SignedCurvature,0,22,22,Charaxinae-3,6,3,5.321863323198374,0.985,3.2471380917804438,99.73890339425587
5,Tanaka,False,IN_DISTRIBUTION,False,distance_within_reference_threshold,full_feature_standardized_reference_leave_one_out_nn,artifact full-feature guard,11,Area; WingArea_BBoxAreaRatio; TipArea_R0p1_WingAreaRatio; Roundness; LE_TE_ratio; TipCurvature; LE_Bending; TE_Bending; TE_MaxCurvX; TE_Distal_Bending; TE_Distal_SignedCurvature,0,232,232,Papilionidae-23,3,5,1.16548271771419,0.985,3.2471380917804438,42.81984334203655
6,Tu_2025,False,IN_DISTRIBUTION,False,distance_within_reference_threshold,full_feature_standardized_reference_leave_one_out_nn,artifact full-feature guard,11,Area; WingArea_BBoxAreaRatio; TipArea_R0p1_WingAreaRatio; Roundness; LE_TE_ratio; TipCurvature; LE_Bending; TE_Bending; TE_MaxCurvX; TE_Distal_Bending; TE_Distal_SignedCurvature,0,28,28,Charaxinae-9,6,3,1.7804948143932924,0.985,3.2471380917804438,85.11749347258485
7,USTButterfly-II,False,IN_DISTRIBUTION,False,distance_within_reference_threshold,full_feature_standardized_reference_leave_one_out_nn,artifact full-feature guard,11,Area; WingArea_BBoxAreaRatio; TipArea_R0p1_WingAreaRatio; Roundness; LE_TE_ratio; TipCurvature; LE_Bending; TE_Bending; TE_MaxCurvX; TE_Distal_Bending; TE_Distal_SignedCurvature,0,319,319,Pieridae-Coliadinae-9,4,3,2.8977200802197594,0.985,3.2471380917804438,97.12793733681463
8,USTButterfly-S,True,REJECTED_OOD,True,distance_above_reference_threshold,full_feature_standardized_reference_leave_one_out_nn,artifact full-feature guard,11,Area; WingArea_BBoxAreaRatio; TipArea_R0p1_WingAreaRatio; Roundness; LE_TE_ratio; TipCurvature; LE_Bending; TE_Bending; TE_MaxCurvX; TE_Distal_Bending; TE_Distal_SignedCurvature,0,370,370,Satyrinae-22,11,3,3.2474509864822516,0.985,3.2471380917804438,98.43342036553526
9,USTButterfly,False,IN_DISTRIBUTION,False,distance_within_reference_threshold,full_feature_standardized_reference_leave_one_out_nn,artifact full-feature guard,11,Area; WingArea_BBoxAreaRatio; TipArea_R0p1_WingAreaRatio; Roundness; LE_TE_ratio; TipCurvature; LE_Bending; TE_Bending; TE_MaxCurvX; TE_Distal_Bending; TE_Distal_SignedCurvature,0,60,60,Heliconiinae-19,8,1,2.672610634697716,0.985,3.2471380917804438,96.60574412532638
10,Zhao_2026,False,IN_DISTRIBUTION,False,distance_within_reference_threshold,full_feature_standardized_reference_leave_one_out_nn,artifact full-feature guard,11,Area; WingArea_BBoxAreaRatio; TipArea_R0p1_WingAreaRatio; Roundness; LE_TE_ratio; TipCurvature; LE_Bending; TE_Bending; TE_MaxCurvX; TE_Distal_Bending; TE_Distal_SignedCurvature,0,45,45,Danainae-5,7,3,3.173890774261124,0.985,3.2471380917804438,98.17232375979113
