Projection_Role,Projection_Transform_Mode,Type Number,Name,Area,WingArea_BBoxAreaRatio,TipArea_R0p1_WingAreaRatio,Roundness,LE_TE_ratio,TipCurvature,LE_Bending,TE_Bending,TE_MaxCurvX,TE_Distal_Bending,TE_Distal_SignedCurvature,_Input_Source_File,Projected_UMAP1,Projected_UMAP2,Nearest_Space,Nearest_Metric,Nearest_Reference_Row_Index,Nearest_Reference_Original_Index,Nearest_Reference_Name,Nearest_Reference_Type_Number,Nearest_Reference_KMeans_Cluster,Nearest_Reference_UMAP1,Nearest_Reference_UMAP2,Nearest_Reference_Distance,Projected_KMeans_Cluster,Projected_KMeans_Cluster_Interpretation,Accepted_KMeans_Cluster,Classification_Decision,OOD_Threshold_Exceeded,OOD_Rejected,OOD_Method,OOD_Distance_Threshold,OOD_NN_Percentile,OOD_Reference_Quantile,OOD_Feature_Count,OOD_Features,Distance_To_Assigned_Center,Nearest_Second_Center_Margin
unseen_transform_only,row_wise_independent_transform,,AirPulse,0.434485345174411,0.643456231982178,0.0278474178888241,0.847710519557756,0.804079387727475,14.268127364264,1.24862879452575,1.9939325722107,0.388473068085852,0.515050551349616,-0.313427729476109,summary_input-all.xlsx,9.167176246643066,8.039753913879395,frozen_umap_space,euclidean,218,218,Papilionidae-10,3,5,9.09420394897461,8.027873992919922,0.07393300175846519,5,accepted_in_distribution,5,IN_DISTRIBUTION,False,False,full_feature_standardized_reference_leave_one_out_nn,3.2471380917804438,93.73368146214099,0.985,11,Area; WingArea_BBoxAreaRatio; TipArea_R0p1_WingAreaRatio; Roundness; LE_TE_ratio; TipCurvature; LE_Bending; TE_Bending; TE_MaxCurvX; TE_Distal_Bending; TE_Distal_SignedCurvature,0.43238148432383294,3.3162512381822684
unseen_transform_only,row_wise_independent_transform,,eMotionButterflies,0.441028153743899,0.556846679648946,0.0314305743757146,0.759467482588247,0.770757972553703,5.72866520864956,1.09056429921955,3.08454206378994,0.652977625051913,0.871844157167262,0.338416852595653,summary_input-all.xlsx,4.333030700683594,0.9658778309822083,frozen_umap_space,euclidean,300,300,Pieridae-Coliadinae-11,4,3,4.371791839599609,1.0702168941497803,0.11130618128726386,3,provisional_only_rejected_by_ood,,REJECTED_OOD,True,True,full_feature_standardized_reference_leave_one_out_nn,3.2471380917804438,99.21671018276761,0.985,11,Area; WingArea_BBoxAreaRatio; TipArea_R0p1_WingAreaRatio; Roundness; LE_TE_ratio; TipCurvature; LE_Bending; TE_Bending; TE_MaxCurvX; TE_Distal_Bending; TE_Distal_SignedCurvature,1.0563668609754502,1.4178124218063668
unseen_transform_only,row_wise_independent_transform,,Fujikawa,0.250539234201238,0.523996887552513,0.0213767527226216,0.609258246759845,0.862058000758004,34.8988084403444,0.972098354444846,1.96673048113703,0.430131548525392,0.0770477360157698,0.0770477360157698,summary_input-all.xlsx,10.007638931274414,9.617530822753906,frozen_umap_space,euclidean,254,254,Papilionidae-5,3,5,9.983670234680176,9.59065055847168,0.03601453906839563,5,provisional_only_rejected_by_ood,,REJECTED_OOD,True,True,full_feature_standardized_reference_leave_one_out_nn,3.2471380917804438,99.73890339425587,0.985,11,Area; WingArea_BBoxAreaRatio; TipArea_R0p1_WingAreaRatio; Roundness; LE_TE_ratio; TipCurvature; LE_Bending; TE_Bending; TE_MaxCurvX; TE_Distal_Bending; TE_Distal_SignedCurvature,1.4082500985353432,4.126147474671067
unseen_transform_only,row_wise_independent_transform,,RoboButterfly-I,0.398644708164219,0.570415588816372,0.0375222243813067,0.70298276055341,0.807591790222677,6.2973841120235,1.21425703715459,0.0164347328612559,0.102303594313233,2.9335568232563,-0.611930809697877,summary_input-all.xlsx,9.374070167541504,8.545018196105957,frozen_umap_space,euclidean,263,263,Papilionidae_Papilio_polytes,3,5,9.360227584838867,8.443146705627441,0.10280767319706072,5,provisional_only_rejected_by_ood,,REJECTED_OOD,True,True,full_feature_standardized_reference_leave_one_out_nn,3.2471380917804438,100.0,0.985,11,Area; WingArea_BBoxAreaRatio; TipArea_R0p1_WingAreaRatio; Roundness; LE_TE_ratio; TipCurvature; LE_Bending; TE_Bending; TE_MaxCurvX; TE_Distal_Bending; TE_Distal_SignedCurvature,0.198990112560924,4.089768254833238
unseen_transform_only,row_wise_independent_transform,,Shinshu,0.303295580223059,0.61382355570768,0.0148049299055797,0.686083400796708,0.808215752087076,38.7088508659235,1.42834161519115,1.32725998550341,0.581716380977862,0.0381439252503097,0.0381439252503097,summary_input-all.xlsx,5.556631088256836,-0.5740532875061035,frozen_umap_space,euclidean,21,21,Charaxinae-2,6,3,5.5432281494140625,-0.8090084791183472,0.23533716416063413,3,provisional_only_rejected_by_ood,,REJECTED_OOD,True,True,full_feature_standardized_reference_leave_one_out_nn,3.2471380917804438,99.73890339425587,0.985,11,Area; WingArea_BBoxAreaRatio; TipArea_R0p1_WingAreaRatio; Roundness; LE_TE_ratio; TipCurvature; LE_Bending; TE_Bending; TE_MaxCurvX; TE_Distal_Bending; TE_Distal_SignedCurvature,0.9220389864411198,3.4206498077371448
unseen_transform_only,row_wise_independent_transform,,Tanaka,0.335453873805725,0.613216455666918,0.0331089339295434,0.740573373886866,0.859115905744593,15.275133218687,1.0462934824509,1.97910290711503,0.37248278039483,0.32413787044504,-0.0861532234087692,summary_input-all.xlsx,9.721879005432129,9.094419479370117,frozen_umap_space,euclidean,217,217,Papilionidae-1,3,5,9.828794479370117,9.009147644042969,0.13675600340549943,5,accepted_in_distribution,5,IN_DISTRIBUTION,False,False,full_feature_standardized_reference_leave_one_out_nn,3.2471380917804438,42.81984334203655,0.985,11,Area; WingArea_BBoxAreaRatio; TipArea_R0p1_WingAreaRatio; Roundness; LE_TE_ratio; TipCurvature; LE_Bending; TE_Bending; TE_MaxCurvX; TE_Distal_Bending; TE_Distal_SignedCurvature,0.8196067974148566,4.118968525441984
unseen_transform_only,row_wise_independent_transform,,Tu_2025,0.415207902766006,0.594887488512241,0.026654598535621,0.789872139980468,0.745648995922227,15.6878168263736,1.26733101758805,2.18656142634165,0.592431429286404,0.113087557753615,-0.113087557753615,summary_input-all.xlsx,5.208038806915283,-0.29276567697525024,frozen_umap_space,euclidean,370,370,Satyrinae-22,11,3,5.095546245574951,-0.465529203414917,0.20615967700978238,3,accepted_in_distribution,3,IN_DISTRIBUTION,False,False,full_feature_standardized_reference_leave_one_out_nn,3.2471380917804438,85.11749347258485,0.985,11,Area; WingArea_BBoxAreaRatio; TipArea_R0p1_WingAreaRatio; Roundness; LE_TE_ratio; TipCurvature; LE_Bending; TE_Bending; TE_MaxCurvX; TE_Distal_Bending; TE_Distal_SignedCurvature,0.5205708301229092,3.4467163663317715
unseen_transform_only,row_wise_independent_transform,,USTButterfly-II,0.506416673945848,0.586588214961664,0.0270259531473909,0.814027381700541,0.731359101880411,6.97932171872553,1.22572630333884,2.6753978477607,0.670219014927811,1.24648376943359,-0.332759473557908,summary_input-all.xlsx,4.681418418884277,0.8420737385749817,frozen_umap_space,euclidean,312,312,Pieridae-Coliadinae-22,4,3,4.8028130531311035,0.8889987468719482,0.1301484292167642,3,accepted_in_distribution,3,IN_DISTRIBUTION,False,False,full_feature_standardized_reference_leave_one_out_nn,3.2471380917804438,97.12793733681463,0.985,11,Area; WingArea_BBoxAreaRatio; TipArea_R0p1_WingAreaRatio; Roundness; LE_TE_ratio; TipCurvature; LE_Bending; TE_Bending; TE_MaxCurvX; TE_Distal_Bending; TE_Distal_SignedCurvature,0.7427221016211497,2.0836174632668016
unseen_transform_only,row_wise_independent_transform,,USTButterfly-S,0.505361495415864,0.593195608858981,0.0275915454673869,0.817917208364933,0.752433011157747,5.8658994776825,1.26873210297936,2.24940692335157,0.553081298585648,1.26174137594125,-0.0950061153884968,summary_input-all.xlsx,2.12307071685791,1.6442795991897583,frozen_umap_space,euclidean,142,142,Lycaenidae-11,2,4,2.1301794052124023,1.8802073001861572,0.23603477190356403,4,provisional_only_rejected_by_ood,,REJECTED_OOD,True,True,full_feature_standardized_reference_leave_one_out_nn,3.2471380917804438,98.43342036553526,0.985,11,Area; WingArea_BBoxAreaRatio; TipArea_R0p1_WingAreaRatio; Roundness; LE_TE_ratio; TipCurvature; LE_Bending; TE_Bending; TE_MaxCurvX; TE_Distal_Bending; TE_Distal_SignedCurvature,0.9065990811270489,2.3713273545494253
unseen_transform_only,row_wise_independent_transform,,USTButterfly,0.363225106191954,0.624633331598664,0.0378206444986308,0.756649615630545,0.855606728008574,4.934525489618,1.20014024493889,1.97779115057771,0.768419954757879,3.81210854799949,-0.986544207824842,summary_input-all.xlsx,5.183385848999023,3.130305290222168,frozen_umap_space,euclidean,317,317,Pieridae-Coliadinae-7,4,6,5.187057018280029,3.0901362895965576,0.04033641153040372,6,accepted_in_distribution,6,IN_DISTRIBUTION,False,False,full_feature_standardized_reference_leave_one_out_nn,3.2471380917804438,96.60574412532638,0.985,11,Area; WingArea_BBoxAreaRatio; TipArea_R0p1_WingAreaRatio; Roundness; LE_TE_ratio; TipCurvature; LE_Bending; TE_Bending; TE_MaxCurvX; TE_Distal_Bending; TE_Distal_SignedCurvature,0.6246603951975792,2.032997508988991
unseen_transform_only,row_wise_independent_transform,,Zhao_2026,0.447572358922433,0.566445666820699,0.0314960684450345,0.76489032109593,0.788014682379937,4.95784236657944,1.10427319442221,2.18902219273468,0.611212728620792,2.17420798997149,0.335358183564227,summary_input-all.xlsx,5.121677398681641,-0.027776271104812622,frozen_umap_space,euclidean,208,208,Nymphalinae-29,10,3,4.963548183441162,-0.26814210414886475,0.2877161490210981,3,accepted_in_distribution,3,IN_DISTRIBUTION,False,False,full_feature_standardized_reference_leave_one_out_nn,3.2471380917804438,98.17232375979113,0.985,11,Area; WingArea_BBoxAreaRatio; TipArea_R0p1_WingAreaRatio; Roundness; LE_TE_ratio; TipCurvature; LE_Bending; TE_Bending; TE_MaxCurvX; TE_Distal_Bending; TE_Distal_SignedCurvature,0.24252552438663372,3.4786768991123367
