Cluster,Type Number,Count,Ratio,Population
0,1,18,0.33962264150943394,reference_only
0,2,25,0.4716981132075472,reference_only
0,10,3,0.05660377358490566,reference_only
0,13,7,0.1320754716981132,reference_only
1,1,1,0.017857142857142856,reference_only
1,4,14,0.25,reference_only
1,5,2,0.03571428571428571,reference_only
1,7,16,0.2857142857142857,reference_only
1,8,15,0.26785714285714285,reference_only
1,9,3,0.05357142857142857,reference_only
1,10,4,0.07142857142857142,reference_only
1,11,1,0.017857142857142856,reference_only
2,1,26,0.5098039215686274,reference_only
2,3,2,0.0392156862745098,reference_only
2,4,4,0.0784313725490196,reference_only
2,5,2,0.0392156862745098,reference_only
2,7,2,0.0392156862745098,reference_only
2,9,5,0.09803921568627451,reference_only
2,10,10,0.19607843137254902,reference_only
3,2,3,0.05555555555555555,reference_only
3,3,3,0.05555555555555555,reference_only
3,4,21,0.3888888888888889,reference_only
3,5,4,0.07407407407407407,reference_only
3,6,13,0.24074074074074073,reference_only
3,7,1,0.018518518518518517,reference_only
3,10,4,0.07407407407407407,reference_only
3,11,4,0.07407407407407407,reference_only
3,13,1,0.018518518518518517,reference_only
4,2,12,0.1935483870967742,reference_only
4,4,6,0.0967741935483871,reference_only
4,5,4,0.06451612903225806,reference_only
4,6,1,0.016129032258064516,reference_only
4,7,1,0.016129032258064516,reference_only
4,8,3,0.04838709677419355,reference_only
4,9,3,0.04838709677419355,reference_only
4,10,3,0.04838709677419355,reference_only
4,11,14,0.22580645161290322,reference_only
4,13,15,0.24193548387096775,reference_only
5,1,8,0.13333333333333333,reference_only
5,3,43,0.7166666666666667,reference_only
5,6,1,0.016666666666666666,reference_only
5,8,1,0.016666666666666666,reference_only
5,9,1,0.016666666666666666,reference_only
5,10,1,0.016666666666666666,reference_only
5,11,5,0.08333333333333333,reference_only
6,1,2,0.0425531914893617,reference_only
6,2,7,0.14893617021276595,reference_only
6,3,1,0.02127659574468085,reference_only
6,4,14,0.2978723404255319,reference_only
6,5,2,0.0425531914893617,reference_only
6,7,1,0.02127659574468085,reference_only
6,8,4,0.0851063829787234,reference_only
6,10,5,0.10638297872340426,reference_only
6,11,3,0.06382978723404255,reference_only
6,12,6,0.1276595744680851,reference_only
6,13,2,0.0425531914893617,reference_only
