Type Number,Name,Area,WingArea_BBoxAreaRatio,TipArea_R0p1_WingAreaRatio,Roundness,LE_TE_ratio,TipCurvature,LE_Bending,TE_Bending,TE_MaxCurvX,TE_Distal_Bending,TE_Distal_SignedCurvature
nan,AirPulse_process,0.4344853451744111,0.6434562319821786,0.027847417888824114,0.8477105195577567,0.804079387727475,14.268127364264013,1.2486287945257595,1.9939325722107082,0.38847306808585214,0.5150505513496167,-0.3134277294761098
nan,eMotionButterflies_process,0.441028153743899,0.556846679648946,0.031430574375714636,0.7594674825882477,0.7707579725537034,5.728665208649561,1.0905642992195503,3.084542063789949,0.6529776250519134,0.8718441571672622,0.3384168525956534
nan,Fujikawa_process,0.2505392342012382,0.5239968875525133,0.021376752722621684,0.609258246759845,0.8620580007580048,34.89880844034442,0.9720983544448467,1.9667304811370332,0.43013154852539265,0.07704773601576984,0.07704773601576984
nan,RoboButterfly-I_process,0.3986447081642198,0.5704155888163728,0.03752222438130671,0.7029827605534101,0.807591790222677,6.297384112023508,1.2142570371545962,0.016434732861255918,0.10230359431323353,2.9335568232563074,-0.6119308096978777
nan,Shinshu_process,0.30329558022305925,0.6138235557076809,0.014804929905579727,0.6860834007967085,0.8082157520870767,38.70885086592355,1.4283416151911559,1.327259985503415,0.5817163809778628,0.0381439252503097,0.0381439252503097
nan,Tanaka_process,0.3354538738057252,0.6132164556669184,0.03310893392954342,0.7405733738868666,0.8591159057445934,15.275133218687026,1.0462934824509025,1.9791029071150354,0.3724827803948302,0.3241378704450401,-0.0861532234087692
nan,Tu_2025_process,0.4152079027660069,0.5948874885122416,0.02665459853562102,0.7898721399804686,0.7456489959222278,15.687816826373627,1.26733101758805,2.186561426341657,0.5924314292864046,0.11308755775361516,-0.11308755775361516
nan,USTButterfly-II_process,0.5064166739458484,0.5865882149616642,0.02702595314739093,0.8140273817005411,0.7313591018804119,6.979321718725532,1.2257263033388441,2.675397847760705,0.6702190149278112,1.2464837694335964,-0.3327594735579083
nan,USTButterfly-S_process,0.5053614954158643,0.5931956088589817,0.02759154546738693,0.817917208364933,0.7524330111577476,5.865899477682507,1.268732102979369,2.2494069233515797,0.5530812985856488,1.2617413759412537,-0.09500611538849682
nan,USTButterfly_process,0.36322510619195475,0.6246333315986642,0.037820644498630804,0.7566496156305452,0.8556067280085741,4.9345254896180055,1.2001402449388996,1.9777911505777173,0.7684199547578793,3.8121085479994963,-0.9865442078248425
nan,Zhao_2026_process,0.44757235892243385,0.566445666820699,0.0314960684450345,0.7648903210959309,0.7880146823799375,4.957842366579448,1.1042731944222148,2.1890221927346856,0.6112127286207923,2.1742079899714994,0.3353581835642272
