X,Y,is_wing_root
26.994651909360552,240.5454123104658,NO
25.93992473248701,240.71032200136892,NO
24.99236219509469,240.9823801131416,NO
24.185457819603,241.28345541115198,NO
23.13839683625739,242.13342449442328,NO
22.3850625637852,243.22955653149356,NO
22.042830585775622,244.01760674216106,NO
21.80123696095357,244.9517129361006,NO
21.601549631397365,245.96735858521907,NO
21.601549631397365,247.03264141478093,NO
21.801130822284232,248.04831284899876,NO
22.042075398854596,248.9828263680632,NO
22.38256115934421,249.7731067194016,NO
23.137927613464083,250.86648607227207,NO
24.19224417098744,251.705816548579,NO
24.9959806230926,252.0092889281845,NO
25.945244687073384,252.27300537321082,NO
27.0,252.42655367231637,NO
28.05444789619752,252.27535078838574,NO
29.005127765210553,252.01193025541028,NO
29.810072249812205,251.71102683865558,NO
31.924292807657277,251.14047057457822,NO
32.99701226108622,251.5019401262953,NO
34.00392551573885,251.49657777333897,NO
35.06521102952682,251.86298671519356,NO
35.93798553642076,252.11891304531835,NO
36.99598432956191,252.49292355511344,NO
38.08365035008154,252.64467787409808,NO
39.03899557476492,252.86321084036257,NO
41.09891812994836,253.85450606632148,NO
42.25807372004828,254.47386260336543,NO
43.06181452879538,254.88813804368223,NO
43.98207615530167,255.12001182295836,NO
45.008131481990695,255.19411307294345,NO
45.9828546195265,254.96780615702778,NO
46.80231674133345,254.62921031576326,NO
49.005211163475195,254.11638265311598,NO
49.99192765842195,254.12663485507852,NO
50.98142844984472,254.19835995548502,NO
52.00434692712075,254.24246194951198,NO
53.01103766852406,254.20521887636517,NO
54.009833166724846,254.14518381439316,NO
55.00463575614604,254.0861907263584,NO
56.00150562917702,254.0419903249996,NO
57.000238145107055,254.01707840624874,NO
57.999851063508935,254.01495322415403,NO
59.000125860027666,254.0157954342962,NO
59.99891867557202,253.98190583795017,NO
60.99799490183132,253.93709004176281,NO
62.00150240273716,253.93143580273022,NO
62.999236936294736,253.93615700223614,NO
63.99859290934025,253.92151560515623,NO
65.00154228407759,253.92257734014157,NO
66.00115224832285,253.94215713481796,NO
66.9995337061216,253.9480341383761,NO
67.9993915035005,253.93902864907005,NO
68.99979701060754,253.93213388186498,NO
69.99823037728724,253.91924085481938,NO
70.99478238623374,253.88611990295104,NO
71.99579821190297,253.84933588378865,NO
73.00096632046044,253.8383023745814,NO
73.99521181151746,253.828309241372,NO
75.00073517993876,253.81546984808972,NO
76.00344367441788,253.82712754609034,NO
77.00592515948037,253.85836047684447,NO
78.00261772531826,253.89049182598865,NO
79.00109090595234,253.908727533763,NO
80.00282356412156,253.97556156556743,NO
80.99187749084409,254.07909588777744,NO
81.97555268128292,254.18843240375472,NO
82.9663792968254,254.30379789428505,NO
83.98610056293558,254.38763985751345,NO
84.9991842458416,254.40950855909824,NO
85.98780471789574,254.4226295854913,NO
86.97211705651878,254.4602971344344,NO
87.99901786698764,254.49499505205895,NO
89.0086933643062,254.48682843016897,NO
89.99617314710578,254.48218348263444,NO
90.99216383834981,254.49367819775668,NO
92.00537076938325,254.4926460349803,NO
93.05991602873284,254.12006982259493,NO
93.93662512547967,253.87042788769136,NO
95.0004916336936,253.50295831627372,NO
96.00298181070687,253.50094418755705,NO
97.00196833398043,253.49602018986263,NO
97.99803166639944,253.4960200941347,NO
99.00535062482423,253.4907982294951,NO
100.012517656934,253.46871672050793,NO
100.99590051664156,253.4605086428937,NO
101.993893414168,253.4739650309935,NO
103.03579703353604,253.42956441527895,NO
104.0310423768738,253.3476746168255,NO
104.99969098755608,253.31117552969127,NO
105.97237785851645,253.34734842221107,NO
106.97047240235528,253.41879283235542,NO
107.9972433086587,253.4631241349874,NO
109.02012946265737,253.44109777495672,NO
110.00248655323584,253.4177409342847,NO
110.98282067065665,253.43291907879313,NO
112.00357412262998,253.45033946815465,NO
112.99732505817335,253.44939021683342,NO
113.98990209973054,253.4626674399317,NO
115.01273782695883,253.45856176026393,NO
116.02680749358372,253.40942353836957,NO
116.9992418207001,253.38212237781923,NO
117.97564148451566,253.4092230479195,NO
118.99195405362802,253.45057302369153,NO
119.99724284039645,253.46320280304235,NO
120.99438071799578,253.47201971121578,NO
122.00282844292514,253.47517840080133,NO
122.99622111521015,253.47613950125938,NO
123.9917997362559,253.48670978352888,NO
125.00145726769371,253.4910992075202,NO
126.00526693099691,253.48407881652574,NO
126.99904706887258,253.48123024836596,NO
127.99664782705979,253.48414955383197,NO
128.99903719494102,253.4871793868315,NO
130.0057148483472,253.48195221046402,NO
131.00969777114494,253.46687843071635,NO
131.99725944368936,253.4613269979366,NO
132.99535542482116,253.4691021061712,NO
134.00327530879503,253.47211237006263,NO
134.998602057071,253.47017479826337,NO
136.00185436805504,253.46822792397373,NO
137.00230509391662,253.46516794297153,NO
138.00183372824347,253.46209954231517,NO
139.00805282261177,253.45095809314205,NO
139.9937622991971,253.44911444776997,NO
140.98367876322862,253.47051792959286,NO
141.99951819020055,253.487109726346,NO
143.008480217058,253.47677663746614,NO
144.00685551926406,253.4620620192278,NO
145.00404364889192,253.4533379592397,NO
145.98806769890257,253.4626061603156,NO
146.98598166600829,253.4877413448407,NO
148.0009920589766,253.50098981340182,NO
149.00049652446657,253.50099316909274,NO
150.00099401589935,253.50098402726817,NO
151.0024579792543,253.49602020349386,NO
151.99804331595072,253.49406271197384,NO
152.99802774484908,253.49799441505868,NO
154.0014748609105,253.49702812150883,NO
155.00097451545932,253.49310484974032,NO
156.0,253.4921259847139,NO
157.004353062024,253.48899398041877,NO
158.00570281084651,253.47998659060977,NO
159.00599553576,253.46626822588695,NO
159.99909183053518,253.4595337746665,NO
160.9939807501502,253.46811245249427,NO
162.00880759165355,253.4677294824093,NO
163.00135952493895,253.45725354779324,NO
163.99819272176683,253.45633774420972,NO
165.00583709190806,253.4530481554218,NO
166.00264965765064,253.44514247535665,NO
167.00604185602174,253.43501362384032,NO
168.0021027376441,253.4243324480028,NO
169.01722038866626,253.39528620128533,NO
170.02906462036836,253.32950788374677,NO
170.98566505631007,253.31412223333493,NO
171.96355967621142,253.37481475896826,NO
172.99913632178604,253.43529383199586,NO
174.00927400024312,253.42491783795813,NO
174.99834743709545,253.41644587444236,NO
175.9940932183813,253.4252882670395,NO
177.00755913548545,253.4233116124203,NO
178.0056659508329,253.43104812392406,NO
179.05045709206905,253.10241715984284,NO
179.92443027040588,252.84708053285414,NO
180.99822701913553,252.4467912019809,NO
182.00088774485786,252.44742342086366,NO
182.99642634648902,252.45028035915792,NO
183.99818956483116,252.456229687192,NO
185.0,252.4582914898766,NO
186.0244390673588,252.42473412873403,NO
187.0185798253527,252.3745692791104,NO
187.98759373307843,252.36780933036556,NO
188.98650590115182,252.4000603479365,NO
189.9880255589022,252.43107986988184,NO
190.9900391046838,252.45639012194562,NO
192.00459476383065,252.46315220241183,NO
192.99817333456105,252.4603197154845,NO
193.98968506459286,252.47261159553238,NO
194.9980712319969,252.4860495630325,NO
195.99902960617197,252.48907850298443,NO
196.99902566555664,252.49106457317103,NO
198.00097433444336,252.49106457317103,NO
199.00097040547362,252.4890843723646,NO
199.9990295944519,252.48908440990581,NO
200.99706543905552,252.49300622765165,NO
201.99703007050607,252.49894814382588,NO
203.0,252.50197628409285,NO
204.00296999984914,252.49895996350466,NO
205.0009822117549,252.49503473828932,NO
206.0,252.49404761951504,NO
207.00097828271748,252.4930545033843,NO
207.99803955548734,252.49403204387707,NO
209.00293428235372,252.49295942440833,NO
210.0085848624447,252.48075232556374,NO
211.00093497180023,252.4712258004825,NO
212.0,252.47023809612787,NO
212.9990650286833,252.47122555677342,NO
213.99622159618002,252.47607889905453,NO
215.00471052983994,252.47482141635558,NO
216.0177151272351,252.44642118502065,NO
218.10775294385684,252.82012555472858,NO
218.94305345184594,253.09497981728597,NO
219.9928795935122,253.4732696730634,NO
220.99530674873228,253.4730797362458,NO
221.9961743737479,253.48202892572422,NO
222.99611134108488,253.4899710415582,NO
224.0029227841784,253.49102773099395,NO
225.0,253.48809523855704,NO
226.00096687419918,253.4873046100052,NO
227.06651313456342,253.86422525330732,NO
227.9419989492285,254.11600210154302,NO
228.99572108920702,254.47590997969397,NO
229.99385418022567,254.4770101886635,NO
230.99471243128968,254.48597560991115,NO
232.00193110201647,254.48856880311368,NO
233.06662664616425,254.86230493733896,NO
233.9430712479829,255.11397250907513,NO
234.99765264972262,255.47087849252532,NO
236.0,255.46439118835497,NO
236.99302592405587,255.47005273982393,NO
237.99666889512486,255.4811067232612,NO
238.9985458600614,255.48907572555163,NO
239.99755678773494,255.49304022512834,NO
241.00338622725673,255.48906797016568,NO
242.00380374551125,255.48117383854134,NO
243.06672805004433,255.86800898263309,NO
243.93995708194078,256.1191327786602,NO
245.00143926015815,256.4840711594653,NO
246.00188434303047,256.4767387798268,NO
247.06698561985343,256.86737385009144,NO
249.06624251770342,257.86883981573544,NO
249.93774108184974,258.1224219890266,NO
250.99851240875978,258.49735132273315,NO
252.06391682157212,258.8726756547801,NO
252.937938341961,259.1233844830425,NO
254.00196813319306,259.49498550946646,NO
255.00193858039347,259.4885222855464,NO
256.0656241898621,259.8678198400815,NO
256.94091725937045,260.1187622786954,NO
258.0004784960448,260.4799315207903,NO
259.0027928854173,260.46920473961677,NO
260.0,260.4662698412698,NO
261.0018416414642,260.4640936740379,NO
262.0371242980919,260.3980988515708,NO
263.04987436314224,260.21741767336556,NO
264.01018543028243,260.0721587537727,NO
264.9999856416247,259.99710822324994,NO
265.9977435141305,259.96446034576434,NO
267.0013471742867,259.989418163441,NO
269.09035176692237,260.6731719833907,NO
269.9995878417252,261.0007344219362,NO
272.02174524270384,261.81598773162136,NO
273.00736387396483,261.95734031660874,NO
273.9714899121013,262.12604460521214,NO
274.9556679554974,262.306073310976,NO
275.98631793827957,262.418339403434,NO
276.9862330171355,262.44898128786053,NO
277.9896863570625,262.4744275715897,NO
278.9941684244518,262.4917962044141,NO
279.999013840442,262.49899676400014,NO
281.000495542545,262.50099353264943,NO
282.0,262.5019723860966,NO
283.00198000346444,262.49995086417687,NO
284.0082636745463,262.49047340123343,NO
285.0148098550507,262.4665104045381,NO
286.01626855507715,262.4315448036751,NO
287.01110953208223,262.39994314601654,NO
288.00378860791005,262.38189168415994,NO
288.9977383293231,262.3799606652213,NO
289.9906132169508,262.39424490128835,NO
291.0891070539181,262.8078694027096,NO
291.9709623448805,263.06316847584515,NO
292.98995175387546,263.34337283984206,NO
293.99228118016447,263.3536622978348,NO
294.9933294692372,263.3735497449846,NO
295.996930279198,263.3867848354602,NO
296.9968670556342,263.3947510047948,NO
298.0,263.3988095238095,NO
299.00313327931764,263.3947932087325,NO
299.9984410372523,263.39285863364836,NO
300.99442250090124,263.40157992613405,NO
301.9917039201664,263.4181224142669,NO
302.994830283436,263.43425621240993,NO
304.0043184929338,263.4353040955132,NO
305.0091400014142,263.4187782551258,NO
306.01461066969375,263.38756721507565,NO
307.02004775826254,263.3368023287549,NO
308.01845361668785,263.2735477229972,NO
309.01285190346164,263.21216175901276,NO
310.0225445975818,263.15283911312366,NO
310.94977359250976,262.9119560628749,NO
311.57607837503315,262.567134888759,NO
312.6397963089007,261.6268806369777,NO
313.6582459297308,260.6608106891473,NO
314.6307950646308,259.63643179181065,NO
315.68531935959487,258.66245538971225,NO
316.69561767751827,257.7031732692401,NO
317.67168116586197,256.67647413251854,NO
318.6794475714253,255.67473356512278,NO
319.8182644325513,254.6678943855756,NO
321.6428235786982,253.63009253927413,NO
322.6479805099928,252.65342762470277,NO
323.6206557908092,251.6251807766808,NO
324.63387093993407,250.6367201874584,NO
325.5871468159384,249.5938598581613,NO
326.59844877679114,248.5918388733715,NO
327.64853783192007,247.63467344575707,NO
328.6610993998044,245.82564148804184,NO
329.7444865778846,243.86236602863832,NO
330.792640028032,241.88682731944667,NO
331.60044741932717,240.25619089554064,NO
332.8273902964751,238.82836138648204,NO
333.09746311617585,238.0503358922319,NO
333.4520182661837,237.0162726584588,NO
334.84702477472047,234.84827184827708,NO
335.8425869765483,233.84172796752978,NO
336.8499302774281,231.92825412983987,NO
337.1046547563166,231.0523273781583,NO
337.45948406877113,230.01422977619472,NO
338.85671849915656,227.85517784046854,NO
339.8542087260539,226.85576176134958,NO
340.8462721435645,225.8466859534526,NO
341.8649514041676,223.93254356374197,NO
342.8446616779522,222.84550135239311,NO
343.8273391081272,220.9206494617837,NO
344.8310473987951,219.82464395213444,NO
345.81831796792346,218.82544276144543,NO
346.8325540291254,216.91609696556378,NO
347.81511876943904,215.815118769439,NO
348.82380682283133,213.91575001648837,NO
349.82128529377206,211.908867336185,NO
350.8379988213606,209.91700688147446,NO
351.826448362888,207.9154683844416,NO
352.85284884336625,205.92193243702118,NO
353.84470856939697,203.92490004433893,NO
354.8213551908597,201.91640700236667,NO
355.7899449745222,199.90539506171652,NO
356.7580119068723,197.8864815557011,NO
357.7045194471696,195.855040285374,NO
357.9947290355308,194.99754259079097,NO
358.7595842780957,192.8748248746032,NO
359.7215805548835,190.86587092001508,NO
360.6610530806971,188.85533778529688,NO
360.9595634119632,187.98214961395774,NO
361.7375830586784,185.87034245527985,NO
361.99834554807086,184.99934386339524,NO
362.93905281939084,182.95227464557138,NO
363.8313627298759,181.86970200776162,NO
364.57386922862435,180.6925385621194,NO
365.0467413314927,180.03751028447593,NO
366.9564634181044,178.74649585341788,NO
368.0913740777799,178.08056213604894,NO
368.5481167299199,177.01064393186408,NO
368.53974311024297,176.00098135796932,NO
368.5577556984454,174.98060746876638,NO
368.57473676857745,173.99173354365442,NO
368.58179332258237,172.98532608206844,NO
368.59839119989556,171.98933781959207,NO
368.6220375367956,171.00453390067952,NO
368.6410891570187,169.98834705022247,NO
368.6741577132531,168.9854629664598,NO
368.7467422351517,167.97657086723518,NO
369.00319564320773,167.00143126745377,NO
369.7078394900398,164.97534510340037,NO
369.7865872184374,163.98285478757367,NO
369.876368540651,162.98774118461753,NO
369.97030861207924,161.99711855724632,NO
370.0627612404376,161.00744858666337,NO
370.61936899605615,158.95023552303874,NO
370.8065649585523,157.97043569267348,NO
371.0655796522342,157.03361645885713,NO
371.4516036593297,156.16082075026245,NO
371.7728646977983,154.9885052987597,NO
371.8787979272735,153.98052331064258,NO
372.5551308503478,151.75709598327055,NO
372.8573903339737,150.95686927262642,NO
372.9873021190862,150.00028952821057,NO
373.0031397012061,149.00004952210057,NO
373.63795160087966,146.902844810584,NO
373.8119694202941,145.9810811114877,NO
373.8992233320979,144.99036231469705,NO
373.9707830650582,143.99815471990988,NO
374.0191595821385,143.00073066201497,NO
374.05473946581884,142.00156730173737,NO
374.1290867220703,141.0155696699323,NO
374.3024209252787,140.09188387072376,NO
374.63885583957716,138.97903034023727,NO
374.6897347829467,138.00154054230876,NO
374.68917554281944,136.9981461762095,NO
374.58433318555564,136.0802323037742,NO
374.0699866542168,133.9979268509433,NO
374.08512503397,133.00645415173824,NO
374.1511973160724,132.01202523695176,NO
374.2918262009367,131.07378749325161,NO
374.6388728013916,129.94706604733014,NO
374.7221085933953,129.00801875735687,NO
374.6786293960354,128.02486796305894,NO
374.63909622074004,126.99569498475513,NO
374.72782501108503,125.95900978924477,NO
374.8188739568771,124.98366745908683,NO
374.80916269947505,124.02455923142043,NO
374.1880035554076,121.97332382167619,NO
374.0993492009563,120.99698288756919,NO
374.0378306947491,119.9963131101855,NO
373.97615712881355,119.00074354067789,NO
373.9540281226235,118.00080819224351,NO
373.97062720413624,116.99743222897237,NO
373.90958248872533,116.01616460749939,NO
373.758118269277,115.11387972644025,NO
373.1806795412836,112.9795421047103,NO
373.0083021700607,111.99790009151722,NO
372.78691608866524,111.0771682400226,NO
372.12547550018206,109.94022908584857,NO
371.6147573290974,108.68396919779707,NO
371.28036718775115,107.009623587807,NO
371.12544040191733,105.96653047653709,NO
370.922076946901,105.02404009229753,NO
370.67175885617246,104.0911572579097,NO
370.06477428854413,101.99014160411137,NO
369.9420679406992,101.00696577841993,NO
369.8082031479521,100.03692982899867,NO
369.1709239359762,97.9723505400721,NO
369.10756368437984,97.00286542603475,NO
369.09897475657175,95.99761131237992,NO
368.9927940303876,95.00121108732615,NO
368.811844704489,94.06175459471935,NO
368.0303176086655,91.99228567673183,NO
367.8050688265583,91.08129617604591,NO
367.5914469280544,90.72761194790783,NO
366.93990378908137,89.0094888750742,NO
366.7929783561985,88.03019065664752,NO
365.9533698624267,86.02367376212862,NO
365.17556527601806,83.973790868058,NO
365.07472439046074,82.99387260035313,NO
364.97860581764996,82.0025776122501,NO
364.7908406822371,81.08215286983662,NO
364.55547504483025,80.73137512456745,NO
363.84312895449153,79.0573488075419,NO
363.66929782034555,78.6876610024976,NO
362.7695925754624,77.14215286427739,NO
361.9446917925071,76.04547910622394,NO
360.94391643199356,75.0637101876174,NO
359.7840848156557,73.0625771877308,NO
359.0320370405488,71.97035576662779,NO
358.597754113258,71.51235293278718,NO
357.98927198544925,71.0140034621777,NO
356.99118467935494,70.00710610844517,NO
356.49758392211356,69.49068649879976,NO
355.0245651122578,67.97958224440663,NO
354.6080470732819,67.25313625706059,NO
353.80417461753837,66.21450837058205,NO
352.4349896937389,64.01688316094048,NO
352.32420002927284,62.950813508611716,NO
352.03874065007034,61.982068612916194,NO
351.7428862487121,61.20141249819084,NO
350.7789468886928,60.31141769279283,NO
350.0017690214668,59.99606279320726,NO
349.05755741622727,59.727439754659095,NO
347.9990317233624,59.565243774040916,NO
346.94313498529175,59.729515081708236,NO
345.99737992281194,59.994001402550765,NO
345.2054823724872,60.31034925236944,NO
342.96733072174567,61.3343387756359,NO
341.96963073119133,61.22182770666414,NO
340.98670004498763,61.081170026515665,NO
340.00764139366674,60.94345368788657,NO
339.0240114069259,60.818252121396625,NO
338.03238009224617,60.69789060674402,NO
337.0684772481351,60.54964965352086,NO
335.9499369184012,60.27777860028806,NO
334.9809014177413,60.11237073113598,NO
334.00490615301976,59.96865686871568,NO
333.0174119697991,59.840363162493354,NO
332.06876583357183,59.69433753369705,NO
330.9284104799205,59.32628301014692,NO
329.9778227641657,59.16891382604804,NO
328.99371093869365,59.057859365059116,NO
328.00516773182915,58.952644784847976,NO
327.01374242273977,58.854681182222386,NO
326.0199728037591,58.76682353113504,NO
325.02436342386426,58.677706721547004,NO
324.07425945415486,58.54607599448261,NO
322.9504954333999,58.287726549147756,NO
321.98392474799675,58.16383767194686,NO
320.9972535481548,58.10283936592268,NO
319.9965835670654,58.05762383476595,NO
319.0010786111162,57.98733258987246,NO
318.00920510164696,57.90187753338294,NO
317.0165039701659,57.81238589317345,NO
316.0175906754316,57.73174220417454,NO
315.0192975670277,57.664222336223304,NO
314.01035428153625,57.61274987963652,NO
312.99008173700764,57.613187738974275,NO
311.98935921205776,57.64885398154651,NO
310.99695107316046,57.67173221312923,NO
310.0016828368323,57.67386623101651,NO
308.9956988967341,57.678740682542525,NO
307.98951811229335,57.70620764036884,NO
306.9923644876638,57.73960268872253,NO
306.00050191043323,57.753060048914016,NO
305.0053068536355,57.74155622987838,NO
304.0016858867076,57.72744831856526,NO
302.9953463105802,57.73364471627657,NO
301.9956873106484,57.75163984711731,NO
301.0012341290455,57.757863875823766,NO
300.00522676368826,57.74493392593112,NO
298.99304898792343,57.74950611677308,NO
297.9870116338766,57.798164914403216,NO
296.9900725319801,57.867454892325405,NO
295.9955914134621,57.961482877183116,NO
295.009497873561,58.0750107695392,NO
294.02215518042976,58.189257807287014,NO
293.02490889050654,58.28945849182901,NO
292.04169807013454,58.39757664878872,NO
290.93057523515915,58.638913646768685,NO
289.97439048513786,58.785574569767476,NO
288.98823737949397,58.90242809800913,NO
288.00383903890565,59.02645541746125,NO
287.0370165325508,59.178386208887815,NO
284.96615856412905,59.79542306513329,NO
283.99163800614684,59.921744357464625,NO
283.00358719710505,60.02952086811009,NO
282.02063640551336,60.14858212327248,NO
281.04987350720484,60.29830005007052,NO
279.9193482510511,60.611808078093645,NO
278.9786925062951,60.75740262865661,NO
277.9855791987391,60.85078265857821,NO
276.9945474190565,60.95102501589601,NO
276.0132071522001,61.07520959322676,NO
275.10531867181527,61.28636816419782,NO
273.00332701618623,62.01894130885151,NO
272.0430441784285,62.18994724372296,NO
269.9660170814685,62.790182883668045,NO
268.99075933358154,62.94699893876836,NO
268.03331918010275,63.12381251348794,NO
265.9695682902536,63.8481722389734,NO
265.00296556055116,64.01619396066312,NO
264.031915666521,64.16942465817951,NO
263.0955346095348,64.38298388512553,NO
261.01216632675204,65.06354964560532,NO
260.05462985241513,65.24946734949872,NO
257.99520940509234,65.98059194955351,NO
257.0562545752161,66.18663520633432,NO
254.99583583501237,66.9810168818379,NO
254.06222910849252,67.186280594305,NO
252.000383481333,68.00182349284411,NO
251.06983195070615,68.20752875611024,NO
248.9880423662716,68.9421950482688,NO
248.04057943125227,69.13638790541647,NO
245.99475753869194,69.98544484334887,NO
245.10676729029737,70.24451212689506,NO
243.0117113190812,71.03301106137936,NO
242.17335972246272,71.3249405867536,NO
240.24629621601267,72.43758212637911,NO
238.21712480157296,73.47378576544887,NO
236.159463556783,74.34373256577022,NO
234.14263450149417,75.2893442794039,NO
232.06463417765713,76.16583283587008,NO
231.68661957345572,76.34704325478407,NO
230.03682600976265,77.1010469744112,NO
229.2456634110952,77.48713935347863,NO
227.136853414435,78.35247455486353,NO
225.1017551023051,79.22465047280473,NO
223.12704331790874,80.22034534082145,NO
221.12998557180427,81.29926911124777,NO
219.14221427780078,82.25836142934172,NO
217.17350183430847,83.36660031857208,NO
215.1819331669924,84.33800550843665,NO
214.02566213593275,85.04919509904404,NO
213.2762604548771,85.48184963290932,NO
212.05869318184128,86.12763909401016,NO
210.9316251447859,86.83619285344635,NO
210.04800401659745,87.10202271939993,NO
208.94568749173803,87.92174645934524,NO
208.1494464729102,88.24907746639262,NO
206.10369547078483,89.20355037740295,NO
204.15829037501246,90.3174227028989,NO
202.22387766360373,91.3506578412202,NO
201.0367455305382,92.08319038337594,NO
200.31800837855286,92.51826553886735,NO
199.11259702696265,93.18602986274456,NO
197.2007138292979,94.35039871160066,NO
196.08582154433134,95.12317916522065,NO
194.18454055778403,96.33672956198251,NO
193.0231171854323,97.04545513909241,NO
192.32140367201384,97.4540007235841,NO
191.12207510384317,98.20739351470081,NO
189.22997073161596,99.38039862278089,NO
187.630936094675,100.36176123896931,NO
186.13015129874537,101.23845687438191,NO
184.18766640051624,102.31748739426989,NO
183.05933765184272,103.09223773732722,NO
181.13515311046973,104.264343573954,NO
180.01478697060378,105.02350227726737,NO
179.34972394377766,105.42910454855024,NO
178.15487002882182,106.26698010033977,NO
176.2422903091938,107.38121068577108,NO
175.08140408126545,108.13367582783691,NO
173.20112732492356,109.37099134108726,NO
172.04196803857667,110.07601586092292,NO
171.39526038084838,110.55868534012346,NO
170.18726147717143,111.2691409828107,NO
169.03721286114998,112.07518862518205,NO
168.31515458514392,112.53010616079014,NO
167.14665323267573,113.1982797042216,NO
166.07397616451823,114.1018666375178,NO
164.1733872790541,115.25352424692227,NO
163.09033459893365,116.12543604698678,NO
161.1740072526299,117.31922811736742,NO
160.02831825615777,118.05281627738437,NO
159.34779111917476,118.496501789913,NO
158.17923994959227,119.24922207226615,NO
157.03223132351823,120.0669304757316,NO
156.25883804540234,120.48385460582982,NO
155.09210051713254,121.14100019443833,NO
153.22373462297122,122.41027550770951,NO
151.6149933102769,123.37410674883346,NO
150.18623535713795,124.26392862952886,NO
149.07439106988622,125.11875410579184,NO
147.18827857390735,126.26739359539063,NO
146.10641692091212,127.13628834381782,NO
145.03234757558113,128.0462782849836,NO
144.38292235540573,128.56356385209227,NO
143.1866171075779,129.2455866752195,NO
142.08653670145623,130.13264505141453,NO
140.18304214456205,131.2615426834281,NO
139.1071931663773,132.13721494837822,NO
138.03887416253843,133.05105160956987,NO
136.98810858401626,133.98525307876616,NO
136.29617372323372,134.39852316539793,NO
135.13036337648728,135.18891430441408,NO
134.05461367493405,136.07325315672,NO
132.98526550195365,136.9788079483269,NO
132.30790347631344,137.36021140529965,NO
131.1819803138618,138.2542059708995,NO
130.07147899883822,139.09825205608965,NO
129.01942402434275,140.02774357024353,NO
128.25377312007524,140.48835330669513,NO
127.08582855310588,141.1260657546309,NO
126.02907357181782,142.03691037646388,NO
125.39460980381665,142.5989255339437,NO
124.14766768967837,143.22513271300235,NO
123.06508863548504,144.0863328427213,NO
122.00609286612483,145.0082299924586,NO
121.34346844759182,145.49718860002866,NO
120.1008909342421,146.1930395575228,NO
118.99090509839438,146.98627615180774,NO
118.30694585643622,147.36524176630945,NO
117.15655694231212,148.239707512667,NO
116.05465429816526,149.0774352476562,NO
115.01009318135694,150.01154181269197,NO
114.43531725284282,150.5257727705778,NO
113.13817668197511,151.2699343897768,NO
112.01419507053335,152.02313769531844,NO
111.39891390966406,152.46040976083862,NO
110.22092087141141,153.31127706869296,NO
109.10838186609847,154.14076308722755,NO
108.07117519115998,155.0847770431977,NO
107.0108876019077,156.01395707411123,NO
106.44493377403212,156.4624164209778,NO
105.33152936304614,157.42068010191542,NO
104.16245166510996,158.22656921669048,NO
103.07874827154,159.1059865428445,NO
102.02399008037197,160.02942179851843,NO
100.99018039922471,160.98811949526754,NO
100.30972792850069,161.408686617232,NO
99.12325647771156,162.1884962066945,NO
98.05673303308104,163.06758935646644,NO
97.03153968840533,164.03806513934998,NO
95.98432256347968,164.98118224515474,NO
95.35434427477989,165.38643584766132,NO
94.17243503306923,166.27459191331377,NO
93.07176168940661,167.09462812509526,NO
92.0459311936977,168.04963864291818,NO
91.02617247465304,169.02779138854666,NO
90.01592896251186,170.0175981659963,NO
89.52661382430242,170.59925019746473,NO
88.4888956893254,171.44591582683472,NO
87.5182240776616,172.5349409948489,NO
86.33644276654907,173.40333000469485,NO
85.19110163307712,174.26239725335415,NO
84.10296253169915,175.13088457604442,NO
83.08865507685144,176.08689455445938,NO
82.09044656441715,177.09719630791224,NO
81.03976889086942,178.050761919645,NO
80.00768220620432,179.00851210888712,NO
79.47520004071825,179.52789161947447,NO
78.3385544826198,180.37688140518054,NO
77.35636248280841,181.33547227876062,NO
76.32396120662881,182.3536824366054,NO
75.2613038251027,183.27366278294613,NO
74.2823016196181,184.30321286350485,NO
73.18876863681024,185.24459126455136,NO
72.21306301317507,186.17236212182058,NO
71.22538144262755,187.2397033482559,NO
70.15453305508834,188.17771301615903,NO
69.21949838862206,189.1821643633151,NO
68.1734604523146,190.2188461613441,NO
67.13264078751102,191.12609537503346,NO
66.24013059054117,192.1958960119618,NO
65.27804140082549,193.26392762297394,NO
64.34657495429799,194.29602106558318,NO
63.33387957474908,195.33042564898267,NO
62.3490067035055,196.34167204227487,NO
61.45023368625315,197.39950315481613,NO
61.00192595543268,198.0016103059716,NO
60.038675004048706,199.03429670298252,NO
59.06017201973621,200.05417103979667,NO
58.10970459574588,201.0911548096244,NO
57.13945778174901,202.123575095862,NO
56.21108604446564,203.1732442864066,NO
55.2491991333063,204.2350490236955,NO
54.28269446067137,205.269844700812,NO
53.464679982552376,206.36007010923475,NO
53.00802435873734,207.00630060731288,NO
52.03956861513686,208.03487049332875,NO
51.12151757195604,209.07938766148592,NO
50.31012228408855,210.21294500319704,NO
49.40256988764475,211.3924695716065,NO
48.99989449857414,211.99992232868138,NO
48.14412593419276,213.08700997703258,NO
47.36042989917693,214.24011666528634,NO
46.065204487011705,216.05017594572453,NO
45.14932469376136,217.10861706367763,NO
44.24466192405522,218.1988528883133,NO
43.934581857148245,218.9563375452337,NO
43.09266132697224,220.05221971512566,NO
42.24101489950986,221.1727110816919,NO
41.43449642290224,222.3364066121892,NO
41.019839412374225,223.01240523038442,NO
40.210056548296635,224.1229599236333,NO
39.54316588752298,225.37117796640916,NO
39.03060228007752,226.01993359519997,NO
38.21408094965131,227.121269809348,NO
37.11501816497953,229.06516830655494,NO
36.40858559567191,230.23585022532114,NO
35.30384622344357,232.15210462053756,NO
34.20320019629656,234.1145829937652,NO
33.32102928875198,235.70709184618255,NO
33.15051742715183,236.06847643974032,NO
32.16074510243663,238.08054841842494,NO
31.544853156395444,239.3358007148591,NO
31.051350782489354,240.03154734230472,NO
29.037213814435884,240.88703539285933,NO
28.056947843328697,240.72108026514388,NO
