fine_feature_rank,kmeans_n_clusters,cluster_count,class_count_valid,in_target_cluster_range,selection_valid,raw_silhouette,silhouette,silhouette_threshold_valid,davies_bouldin,score,cluster_size_valid,min_cluster_size,max_cluster_size,required_min_cluster_size,smallest_cluster_ratio,second_smallest_cluster_ratio,smallest_two_cluster_ratio,max_cluster_ratio,cluster_size_entropy,spatial_occupancy_entropy,spatial_occupancy_min_ratio,spatial_occupancy_max_ratio,spatial_occupancy_ratios,spatial_occupancy_volumes,cluster_sizes,evaluation_index,feature_set_id,feature_set_index,selected_feature_count,selected_features,search_mode,umap_n_neighbors,umap_min_dist,umap_init,umap_n_epochs,reference_sample_count,umap_fit_sample_count,kept_training_sample_count,guard_input_sample_count,unseen_rows_used_in_preprocessing_fit,unseen_rows_used_in_umap_fit,unseen_rows_used_in_kmeans_fit,initial_edge_removed_count,initial_edge_removed_indices,guard_input_name,guard_input_source_row_index,guard_input_transform_count,neighbor_preserved,deformation_rejected,guarded_selection_valid,feature_space_nearest_names,umap_space_nearest_names,feature_space_nearest_original_indices,umap_space_nearest_original_indices,feature_space_nearest_distances,umap_space_nearest_distances,feature_space_reference_dimension,feature_space_reference_features,guard_reference_coordinates_unchanged,selection_valid_before_neighbor_guard,auto_selection_valid,feature_signature
1,7,7,True,True,True,0.5131018482949178,0.5131018482949178,True,0.671699547484354,2.690921538911983,True,47,62,12,0.1227154046997389,0.1331592689295039,0.2558746736292428,0.1618798955613577,0.99804163002296,0.9906337776347118,0.1043304518696864,0.1782915382708581,0:0.104330; 1:0.172093; 2:0.155059; 3:0.144139; 4:0.178292; 5:0.139524; 6:0.106562,0:2.63241; 1:4.34216; 2:3.91237; 3:3.63684; 4:4.49855; 5:3.52039; 6:2.68872,0:53; 1:56; 2:51; 3:54; 4:62; 5:60; 6:47,74348,fs_00620,620,7,Area; TipArea_R0p1_WingAreaRatio; Roundness; LE_Bending; TE_Bending; TE_MaxCurvX; TE_Distal_SignedCurvature,fast,8,0.01,random,300,383,383,383,1,0,0,0,0,,wing_ventral_process,1,1,True,False,True,Papilionidae-10,Papilionidae-10,218,218,2.2855203105356043,0.0739330017584651,11,Area; WingArea_BBoxAreaRatio; TipArea_R0p1_WingAreaRatio; Roundness; LE_TE_ratio; TipCurvature; LE_Bending; TE_Bending; TE_MaxCurvX; TE_Distal_Bending; TE_Distal_SignedCurvature,True,True,True,Area; LE_Bending; Roundness; TE_Bending; TE_Distal_SignedCurvature; TE_MaxCurvX; TipArea_R0p1_WingAreaRatio
2,7,7,True,True,True,0.5197285804237385,0.5197285804237385,True,0.6505594091289296,2.6789321278257283,True,47,63,12,0.1227154046997389,0.1305483028720626,0.2532637075718016,0.1644908616187989,0.9971677622895804,0.9857911185738936,0.1010072035471106,0.2056248330348483,0:0.139427; 1:0.103427; 2:0.143632; 3:0.136577; 4:0.101007; 5:0.205625; 6:0.170303,0:3.04995; 1:2.26246; 2:3.14194; 3:2.98761; 4:2.20952; 5:4.49802; 6:3.72537,0:63; 1:50; 2:63; 3:54; 4:51; 5:55; 6:47,31032,fs_00259,259,6,WingArea_BBoxAreaRatio; TipArea_R0p1_WingAreaRatio; Roundness; LE_TE_ratio; LE_Bending; TE_MaxCurvX,fast,8,0.05,random,300,383,383,383,1,0,0,0,0,,wing_ventral_process,1,1,True,False,True,Papilionidae-10,Papilionidae-10,218,218,2.2855203105356043,0.1806769092637424,11,Area; WingArea_BBoxAreaRatio; TipArea_R0p1_WingAreaRatio; Roundness; LE_TE_ratio; TipCurvature; LE_Bending; TE_Bending; TE_MaxCurvX; TE_Distal_Bending; TE_Distal_SignedCurvature,True,True,True,LE_Bending; LE_TE_ratio; Roundness; TE_MaxCurvX; TipArea_R0p1_WingAreaRatio; WingArea_BBoxAreaRatio
3,5,5,True,True,True,0.5582601461262061,0.5582601461262061,True,0.6359892741000803,2.657220591323962,True,65,82,12,0.1697127937336814,0.1984334203655352,0.3681462140992166,0.2140992167101827,0.99793001997239,0.9911214369232724,0.1650990440186901,0.2633240021342081,0:0.200400; 1:0.172834; 2:0.263324; 3:0.165099; 4:0.198342,0:4.86242; 1:4.19357; 2:6.38917; 3:4.00588; 4:4.81248,0:81; 1:76; 2:79; 3:82; 4:65,25982,fs_00217,217,6,Area; Roundness; TipCurvature; LE_Bending; TE_Bending; TE_MaxCurvX,fast,8,0.0,random,300,383,383,383,1,0,0,0,0,,wing_ventral_process,1,1,True,False,True,Papilionidae-10,Papilionidae-10,218,218,2.2855203105356043,0.177427379909378,11,Area; WingArea_BBoxAreaRatio; TipArea_R0p1_WingAreaRatio; Roundness; LE_TE_ratio; TipCurvature; LE_Bending; TE_Bending; TE_MaxCurvX; TE_Distal_Bending; TE_Distal_SignedCurvature,True,True,True,Area; LE_Bending; Roundness; TE_Bending; TE_MaxCurvX; TipCurvature
4,7,7,True,True,True,0.5009519432048367,0.5009519432048367,True,0.6967492933103626,2.643019294773638,True,49,64,12,0.1279373368146214,0.1279373368146214,0.2558746736292428,0.1671018276762402,0.9971082543662544,0.9865902420367948,0.0896272693045455,0.1897698798510929,0:0.189770; 1:0.128312; 2:0.150633; 3:0.113194; 4:0.089627; 5:0.156882; 6:0.171582,0:5.76143; 1:3.89557; 2:4.57323; 3:3.43658; 4:2.72109; 5:4.76294; 6:5.20924,0:57; 1:50; 2:64; 3:62; 4:49; 5:49; 6:52,71452,fs_00596,596,7,Area; TipArea_R0p1_WingAreaRatio; Roundness; LE_TE_ratio; TipCurvature; TE_MaxCurvX; TE_Distal_Bending,fast,5,0.05,random,300,383,383,383,1,0,0,0,0,,wing_ventral_process,1,1,True,False,True,Papilionidae-10,Papilionidae-10,218,218,2.2855203105356043,0.0274919282197585,11,Area; WingArea_BBoxAreaRatio; TipArea_R0p1_WingAreaRatio; Roundness; LE_TE_ratio; TipCurvature; LE_Bending; TE_Bending; TE_MaxCurvX; TE_Distal_Bending; TE_Distal_SignedCurvature,True,True,True,Area; LE_TE_ratio; Roundness; TE_Distal_Bending; TE_MaxCurvX; TipArea_R0p1_WingAreaRatio; TipCurvature
5,6,6,True,True,True,0.4979130042803595,0.4979130042803595,False,0.682623774580556,2.6419813900099545,True,55,69,12,0.1436031331592689,0.1592689295039164,0.3028720626631853,0.1801566579634465,0.9984943448984508,0.9884211907089638,0.1246826208760285,0.2179022467893393,0:0.178198; 1:0.194886; 2:0.155895; 3:0.128436; 4:0.217902; 5:0.124683,0:3.35937; 1:3.67396; 2:2.93892; 3:2.42126; 4:4.10786; 5:2.3505,0:61; 1:69; 2:55; 3:67; 4:65; 5:66,22887,fs_00191,191,6,Area; TipArea_R0p1_WingAreaRatio; TipCurvature; TE_MaxCurvX; TE_Distal_Bending; TE_Distal_SignedCurvature,fast,12,0.01,random,300,383,383,383,1,0,0,0,0,,wing_ventral_process,1,1,True,False,True,Papilionidae-10,Papilionidae-10,218,218,2.2855203105356043,0.2634914951011632,11,Area; WingArea_BBoxAreaRatio; TipArea_R0p1_WingAreaRatio; Roundness; LE_TE_ratio; TipCurvature; LE_Bending; TE_Bending; TE_MaxCurvX; TE_Distal_Bending; TE_Distal_SignedCurvature,True,False,False,Area; TE_Distal_Bending; TE_Distal_SignedCurvature; TE_MaxCurvX; TipArea_R0p1_WingAreaRatio; TipCurvature
6,7,7,True,True,True,0.4671308554670532,0.4671308554670532,False,0.7075437617482782,2.6419351531184816,True,50,61,12,0.1305483028720626,0.1305483028720626,0.2610966057441253,0.1592689295039164,0.9986391825439596,0.9859451754892232,0.0977434993849592,0.187743496084964,0:0.157316; 1:0.097743; 2:0.150129; 3:0.099384; 4:0.187743; 5:0.129735; 6:0.177949,0:4.00011; 1:2.48535; 2:3.81737; 3:2.52708; 4:4.77381; 5:3.29882; 6:4.52476,0:56; 1:55; 2:61; 3:50; 4:59; 5:52; 6:50,45912,fs_00383,383,6,TipArea_R0p1_WingAreaRatio; Roundness; LE_TE_ratio; TipCurvature; TE_Bending; TE_MaxCurvX,fast,8,0.05,random,300,383,383,383,1,0,0,0,0,,wing_ventral_process,1,1,True,False,True,Papilionidae-10,Papilionidae-10,218,218,2.2855203105356043,0.184937025887498,11,Area; WingArea_BBoxAreaRatio; TipArea_R0p1_WingAreaRatio; Roundness; LE_TE_ratio; TipCurvature; LE_Bending; TE_Bending; TE_MaxCurvX; TE_Distal_Bending; TE_Distal_SignedCurvature,True,False,False,LE_TE_ratio; Roundness; TE_Bending; TE_MaxCurvX; TipArea_R0p1_WingAreaRatio; TipCurvature
7,6,6,True,True,True,0.511446977059151,0.511446977059151,True,0.7656631012293612,2.6414202774910507,True,59,70,12,0.1540469973890339,0.1592689295039164,0.3133159268929504,0.1827676240208877,0.9989915517105684,0.9765051505784323,0.1014643781082139,0.2353430712123987,0:0.125730; 1:0.220795; 2:0.101464; 3:0.146862; 4:0.235343; 5:0.169806,0:3.05836; 1:5.3708; 2:2.4681; 3:3.57238; 4:5.72467; 5:4.13048,0:59; 1:61; 2:65; 3:67; 4:61; 5:70,70743,fs_00590,590,7,Area; TipArea_R0p1_WingAreaRatio; Roundness; LE_TE_ratio; TipCurvature; LE_Bending; TE_MaxCurvX,fast,8,0.0,random,300,383,383,383,1,0,0,0,0,,wing_ventral_process,1,1,True,False,True,Papilionidae-10,Papilionidae-10,218,218,2.2855203105356043,0.1623056455253939,11,Area; WingArea_BBoxAreaRatio; TipArea_R0p1_WingAreaRatio; Roundness; LE_TE_ratio; TipCurvature; LE_Bending; TE_Bending; TE_MaxCurvX; TE_Distal_Bending; TE_Distal_SignedCurvature,True,True,True,Area; LE_Bending; LE_TE_ratio; Roundness; TE_MaxCurvX; TipArea_R0p1_WingAreaRatio; TipCurvature
8,7,7,True,True,True,0.4907399576913167,0.4907399576913167,False,0.6832035404104382,2.6410191120323363,True,48,63,12,0.1253263707571801,0.1305483028720626,0.2558746736292428,0.1644908616187989,0.9977797619667494,0.9862940652363787,0.0918153482783007,0.1710403894914804,0:0.171040; 1:0.162148; 2:0.170734; 3:0.091815; 4:0.098677; 5:0.167676; 6:0.137909,0:3.47464; 1:3.29399; 2:3.46842; 3:1.8652; 4:2.0046; 5:3.40628; 6:2.80159,0:50; 1:48; 2:63; 3:58; 4:58; 5:56; 6:50,71588,fs_00597,597,7,Area; TipArea_R0p1_WingAreaRatio; Roundness; LE_TE_ratio; TipCurvature; TE_MaxCurvX; TE_Distal_SignedCurvature,fast,8,0.01,random,300,383,383,383,1,0,0,0,0,,wing_ventral_process,1,1,True,False,True,Papilionidae-10,Papilionidae-10,218,218,2.2855203105356043,0.0151596641983405,11,Area; WingArea_BBoxAreaRatio; TipArea_R0p1_WingAreaRatio; Roundness; LE_TE_ratio; TipCurvature; LE_Bending; TE_Bending; TE_MaxCurvX; TE_Distal_Bending; TE_Distal_SignedCurvature,True,False,False,Area; LE_TE_ratio; Roundness; TE_Distal_SignedCurvature; TE_MaxCurvX; TipArea_R0p1_WingAreaRatio; TipCurvature
9,7,7,True,True,True,0.5193248540825925,0.5193248540825925,True,0.67308365233998,2.640141523434548,True,46,64,12,0.1201044386422976,0.1201044386422976,0.2402088772845953,0.1671018276762402,0.996148407198464,0.98193612083704,0.0999665809983307,0.2153325364139123,0:0.124529; 1:0.140678; 2:0.100083; 3:0.215333; 4:0.176388; 5:0.099967; 6:0.143023,0:3.79468; 1:4.2868; 2:3.04976; 3:6.56168; 4:5.37495; 5:3.04621; 6:4.35824,0:61; 1:56; 2:51; 3:64; 4:59; 5:46; 6:46,107448,fs_00896,896,8,Area; TipArea_R0p1_WingAreaRatio; Roundness; TipCurvature; TE_Bending; TE_MaxCurvX; TE_Distal_Bending; TE_Distal_SignedCurvature,fast,5,0.01,random,300,383,383,383,1,0,0,0,0,,wing_ventral_process,1,1,True,False,True,Papilionidae-10,Papilionidae-10,218,218,2.2855203105356043,0.0853364034992603,11,Area; WingArea_BBoxAreaRatio; TipArea_R0p1_WingAreaRatio; Roundness; LE_TE_ratio; TipCurvature; LE_Bending; TE_Bending; TE_MaxCurvX; TE_Distal_Bending; TE_Distal_SignedCurvature,True,True,True,Area; Roundness; TE_Bending; TE_Distal_Bending; TE_Distal_SignedCurvature; TE_MaxCurvX; TipArea_R0p1_WingAreaRatio; TipCurvature
10,7,7,True,True,True,0.5384530237623155,0.5384530237623155,True,0.6639940177209639,2.6280794907915377,True,41,63,12,0.1070496083550913,0.1331592689295039,0.2402088772845952,0.1644908616187989,0.9956112182649464,0.9556727625601156,0.0791831718489009,0.2907123096103863,0:0.290712; 1:0.099369; 2:0.123106; 3:0.134632; 4:0.123519; 5:0.149478; 6:0.079183,0:10.237; 1:3.49913; 2:4.335; 3:4.74089; 4:4.34956; 5:5.26366; 6:2.78832,0:41; 1:62; 2:59; 3:53; 4:54; 5:63; 6:51,50928,fs_00425,425,6,TipArea_R0p1_WingAreaRatio; LE_TE_ratio; LE_Bending; TE_Bending; TE_MaxCurvX; TE_Distal_SignedCurvature,fast,5,0.01,random,300,383,383,383,1,0,0,0,0,,wing_ventral_process,1,1,True,False,True,Papilionidae-10,Papilionidae-10,218,218,2.2855203105356043,0.0399111401847491,11,Area; WingArea_BBoxAreaRatio; TipArea_R0p1_WingAreaRatio; Roundness; LE_TE_ratio; TipCurvature; LE_Bending; TE_Bending; TE_MaxCurvX; TE_Distal_Bending; TE_Distal_SignedCurvature,True,True,True,LE_Bending; LE_TE_ratio; TE_Bending; TE_Distal_SignedCurvature; TE_MaxCurvX; TipArea_R0p1_WingAreaRatio
